{"cameraMode":{"drawMode":0,"name":"Shaded","section":"Shading Mode"},"sceneLighting":true,"audioPlay":false,"sceneViewState":{"showFog":true,"showMaterialUpdate":true,"showSkybox":true,"showFlares":true,"showImageEffects":true,"showParticleSystems":true},"in2DMode":false,"pivot":{"x":92.32493591308594,"y":135.92111206054688,"z":845.05908203125},"rotation":{"x":-0.01800648123025894,"y":0.9815578460693359,"z":-0.11841828376054764,"w":-0.14898698031902314},"size":22.0,"orthographic":false}